time,action,count,
2017-9-28 3:9:6, Cancel, 31,
2017-9-28 3:9:56, Cancel, 36,
2017-9-28 3:9:51, Cancel, 43,
2017-9-28 3:9:46, Cancel, 25,
2017-9-28 3:9:41, Cancel, 47,
2017-9-28 3:9:36, Cancel, 29,
2017-9-28 3:9:31, Cancel, 29,
2017-9-28 3:9:26, Cancel, 28,
2017-9-28 3:9:21, Cancel, 29,
2017-9-28 3:9:16, Cancel, 17,
2017-9-28 3:9:11, Cancel, 32,
2017-9-28 3:9:1, Cancel, 27,
2017-9-28 3:8:6, Cancel, 25,
2017-9-28 3:8:56, Cancel, 34,
2017-9-28 3:8:51, Cancel, 25,
2017-9-28 3:8:46, Cancel, 29,
2017-9-28 3:8:41, Cancel, 34,
2017-9-28 3:8:36, Cancel, 29,
2017-9-28 3:8:31, Cancel, 24,
2017-9-28 3:8:26, Cancel, 38,
2017-9-28 3:8:21, Cancel, 29,
2017-9-28 3:8:16, Cancel, 21,
2017-9-28 3:8:11, Cancel, 47,
2017-9-28 3:8:1, Cancel, 30,
2017-9-28 3:7:6, Cancel, 30,
2017-9-28 3:7:56, Cancel, 44,
2017-9-28 3:7:51, Cancel, 40,
2017-9-28 3:7:46, Cancel, 29,
2017-9-28 3:7:41, Cancel, 30,
2017-9-28 3:7:36, Cancel, 39,
2017-9-28 3:7:31, Cancel, 31,
2017-9-28 3:7:26, Cancel, 34,
2017-9-28 3:7:21, Cancel, 25,
2017-9-28 3:7:16, Cancel, 29,
2017-9-28 3:7:11, Cancel, 31,
2017-9-28 3:7:1, Cancel, 20,
2017-9-28 3:6:6, Cancel, 26,
2017-9-28 3:6:56, Cancel, 26,
2017-9-28 3:6:51, Cancel, 27,
2017-9-28 3:6:46, Cancel, 32,
2017-9-28 3:6:41, Cancel, 34,
2017-9-28 3:6:36, Cancel, 35,
2017-9-28 3:6:31, Cancel, 32,
2017-9-28 3:6:26, Cancel, 47,
2017-9-28 3:6:21, Cancel, 36,
2017-9-28 3:6:16, Cancel, 22,
2017-9-28 3:6:11, Cancel, 32,
2017-9-28 3:6:1, Cancel, 28,
2017-9-28 3:5:6, Cancel, 40,
2017-9-28 3:5:56, Cancel, 33,
2017-9-28 3:5:51, Cancel, 35,
2017-9-28 3:5:46, Cancel, 25,
2017-9-28 3:5:41, Cancel, 25,
2017-9-28 3:5:36, Cancel, 40,
2017-9-28 3:5:31, Cancel, 25,
2017-9-28 3:5:26, Cancel, 25,
2017-9-28 3:5:21, Cancel, 34,
2017-9-28 3:5:16, Cancel, 45,
2017-9-28 3:5:11, Cancel, 28,
2017-9-28 3:5:1, Cancel, 36,
2017-9-28 3:4:6, Cancel, 25,
2017-9-28 3:4:56, Cancel, 37,
2017-9-28 3:4:51, Cancel, 33,
2017-9-28 3:4:46, Cancel, 34,
2017-9-28 3:4:41, Cancel, 28,
2017-9-28 3:4:36, Cancel, 25,
2017-9-28 3:4:31, Cancel, 27,
2017-9-28 3:4:26, Cancel, 28,
2017-9-28 3:4:21, Cancel, 26,
2017-9-28 3:4:16, Cancel, 40,
2017-9-28 3:4:11, Cancel, 28,
2017-9-28 3:4:1, Cancel, 25,
2017-9-28 3:3:6, Cancel, 31,
2017-9-28 3:3:56, Cancel, 38,
2017-9-28 3:3:51, Cancel, 38,
2017-9-28 3:3:46, Cancel, 31,
2017-9-28 3:3:41, Cancel, 22,
2017-9-28 3:3:36, Cancel, 38,
2017-9-28 3:3:31, Cancel, 42,
2017-9-28 3:3:26, Cancel, 23,
2017-9-28 3:3:21, Cancel, 47,
2017-9-28 3:3:16, Cancel, 29,
2017-9-28 3:3:11, Cancel, 26,
2017-9-28 3:3:1, Cancel, 29,
2017-9-28 3:2:6, Cancel, 37,
2017-9-28 3:2:56, Cancel, 18,
2017-9-28 3:2:51, Cancel, 32,
2017-9-28 3:2:46, Cancel, 30,
2017-9-28 3:2:41, Cancel, 30,
2017-9-28 3:2:36, Cancel, 31,
2017-9-28 3:2:31, Cancel, 30,
2017-9-28 3:2:26, Cancel, 28,
2017-9-28 3:2:21, Cancel, 32,
2017-9-28 3:2:16, Cancel, 27,
2017-9-28 3:2:11, Cancel, 28,
2017-9-28 3:2:1, Cancel, 30,
2017-9-28 3:1:6, Cancel, 31,
2017-9-28 3:1:56, Cancel, 18,
2017-9-28 3:1:51, Cancel, 46,
2017-9-28 3:1:46, Cancel, 33,
2017-9-28 3:1:41, Cancel, 27,
2017-9-28 3:1:36, Cancel, 46,
2017-9-28 3:1:31, Cancel, 39,
2017-9-28 3:1:26, Cancel, 26,
2017-9-28 3:1:21, Cancel, 34,
2017-9-28 3:1:16, Cancel, 39,
2017-9-28 3:1:11, Cancel, 34,
2017-9-28 3:1:1, Cancel, 24,
2017-9-28 3:12:6, Cancel, 27,
2017-9-28 3:12:46, Cancel, 39,
2017-9-28 3:12:41, Cancel, 43,
2017-9-28 3:12:36, Cancel, 23,
2017-9-28 3:12:31, Cancel, 32,
2017-9-28 3:12:26, Cancel, 30,
2017-9-28 3:12:21, Cancel, 29,
2017-9-28 3:12:16, Cancel, 33,
2017-9-28 3:12:11, Cancel, 34,
2017-9-28 3:12:1, Cancel, 19,
2017-9-28 3:11:6, Cancel, 34,
2017-9-28 3:11:56, Cancel, 39,
2017-9-28 3:11:51, Cancel, 32,
2017-9-28 3:11:46, Cancel, 26,
2017-9-28 3:11:41, Cancel, 31,
2017-9-28 3:11:36, Cancel, 43,
2017-9-28 3:11:31, Cancel, 32,
2017-9-28 3:11:26, Cancel, 43,
2017-9-28 3:11:21, Cancel, 36,
2017-9-28 3:11:16, Cancel, 35,
2017-9-28 3:11:11, Cancel, 34,
2017-9-28 3:11:1, Cancel, 32,
2017-9-28 3:10:6, Cancel, 31,
2017-9-28 3:10:56, Cancel, 21,
2017-9-28 3:10:51, Cancel, 29,
2017-9-28 3:10:46, Cancel, 24,
2017-9-28 3:10:41, Cancel, 27,
2017-9-28 3:10:36, Cancel, 39,
2017-9-28 3:10:31, Cancel, 31,
2017-9-28 3:10:26, Cancel, 27,
2017-9-28 3:10:21, Cancel, 26,
2017-9-28 3:10:16, Cancel, 38,
2017-9-28 3:10:11, Cancel, 39,
2017-9-28 3:10:1, Cancel, 21,
2017-9-28 3:0:6, Cancel, 46,
2017-9-28 3:0:56, Cancel, 30,
2017-9-28 3:0:51, Cancel, 31,
2017-9-28 3:0:46, Cancel, 28,
2017-9-28 3:0:41, Cancel, 18,
2017-9-28 3:0:36, Cancel, 32,
2017-9-28 3:0:31, Cancel, 31,
2017-9-28 3:0:26, Cancel, 34,
2017-9-28 3:0:21, Cancel, 34,
2017-9-28 3:0:16, Cancel, 35,
2017-9-28 3:0:11, Cancel, 34,
2017-9-28 3:0:1, Cancel, 26,
2017-9-28 2:9:6, Cancel, 37,
2017-9-28 2:9:56, Cancel, 28,
2017-9-28 2:9:51, Cancel, 33,
2017-9-28 2:9:46, Cancel, 28,
2017-9-28 2:9:41, Cancel, 21,
2017-9-28 2:9:36, Cancel, 24,
2017-9-28 2:9:31, Cancel, 30,
2017-9-28 2:9:26, Cancel, 30,
2017-9-28 2:9:21, Cancel, 33,
2017-9-28 2:9:16, Cancel, 30,
2017-9-28 2:9:11, Cancel, 37,
2017-9-28 2:9:1, Cancel, 43,
2017-9-28 2:8:6, Cancel, 27,
2017-9-28 2:8:56, Cancel, 23,
2017-9-28 2:8:51, Cancel, 27,
2017-9-28 2:8:46, Cancel, 31,
2017-9-28 2:8:41, Cancel, 26,
2017-9-28 2:8:36, Cancel, 30,
2017-9-28 2:8:31, Cancel, 33,
2017-9-28 2:8:26, Cancel, 29,
2017-9-28 2:8:21, Cancel, 19,
2017-9-28 2:8:16, Cancel, 31,
2017-9-28 2:8:11, Cancel, 31,
2017-9-28 2:8:1, Cancel, 25,
2017-9-28 2:7:7, Cancel, 24,
2017-9-28 2:7:56, Cancel, 38,
2017-9-28 2:7:51, Cancel, 41,
2017-9-28 2:7:46, Cancel, 27,
2017-9-28 2:7:41, Cancel, 46,
2017-9-28 2:7:4, Cancel, 23,
2017-9-28 2:7:36, Cancel, 38,
2017-9-28 2:7:31, Cancel, 29,
2017-9-28 2:7:26, Cancel, 35,
2017-9-28 2:7:21, Cancel, 29,
2017-9-28 2:7:2, Cancel, 27,
2017-9-28 2:7:16, Cancel, 29,
2017-9-28 2:7:11, Cancel, 21,
2017-9-28 2:6:59, Cancel, 27,
2017-9-28 2:59:6, Cancel, 31,
2017-9-28 2:59:56, Cancel, 32,
2017-9-28 2:59:51, Cancel, 28,
2017-9-28 2:59:46, Cancel, 31,
2017-9-28 2:59:41, Cancel, 29,
2017-9-28 2:59:36, Cancel, 34,
2017-9-28 2:59:31, Cancel, 31,
2017-9-28 2:59:26, Cancel, 19,
2017-9-28 2:59:21, Cancel, 31,
2017-9-28 2:59:16, Cancel, 35,
2017-9-28 2:59:11, Cancel, 28,
2017-9-28 2:59:1, Cancel, 39,
2017-9-28 2:58:6, Cancel, 27,
2017-9-28 2:58:56, Cancel, 34,
2017-9-28 2:58:51, Cancel, 40,
2017-9-28 2:58:46, Cancel, 44,
2017-9-28 2:58:41, Cancel, 30,
2017-9-28 2:58:36, Cancel, 35,
2017-9-28 2:58:31, Cancel, 37,
2017-9-28 2:58:26, Cancel, 34,
2017-9-28 2:58:21, Cancel, 19,
2017-9-28 2:58:16, Cancel, 22,
2017-9-28 2:58:11, Cancel, 33,
2017-9-28 2:58:1, Cancel, 37,
2017-9-28 2:57:6, Cancel, 48,
2017-9-28 2:57:56, Cancel, 29,
2017-9-28 2:57:51, Cancel, 30,
2017-9-28 2:57:46, Cancel, 28,
2017-9-28 2:57:41, Cancel, 32,
2017-9-28 2:57:36, Cancel, 39,
2017-9-28 2:57:31, Cancel, 30,
2017-9-28 2:57:26, Cancel, 28,
2017-9-28 2:57:21, Cancel, 31,
2017-9-28 2:57:16, Cancel, 40,
2017-9-28 2:57:11, Cancel, 26,
2017-9-28 2:57:1, Cancel, 31,
2017-9-28 2:56:6, Cancel, 29,
2017-9-28 2:56:56, Cancel, 25,
2017-9-28 2:56:51, Cancel, 31,
2017-9-28 2:56:46, Cancel, 29,
2017-9-28 2:56:41, Cancel, 21,
2017-9-28 2:56:36, Cancel, 24,
2017-9-28 2:56:31, Cancel, 33,
2017-9-28 2:56:26, Cancel, 32,
2017-9-28 2:56:21, Cancel, 28,
2017-9-28 2:56:16, Cancel, 26,
2017-9-28 2:56:11, Cancel, 30,
2017-9-28 2:56:1, Cancel, 27,
2017-9-28 2:55:6, Cancel, 28,
2017-9-28 2:55:56, Cancel, 32,
2017-9-28 2:55:51, Cancel, 33,
2017-9-28 2:55:46, Cancel, 25,
2017-9-28 2:55:41, Cancel, 34,
2017-9-28 2:55:36, Cancel, 38,
2017-9-28 2:55:31, Cancel, 30,
2017-9-28 2:55:26, Cancel, 31,
2017-9-28 2:55:21, Cancel, 40,
2017-9-28 2:55:16, Cancel, 42,
2017-9-28 2:55:11, Cancel, 31,
2017-9-28 2:55:1, Cancel, 38,
2017-9-28 2:54:6, Cancel, 36,
2017-9-28 2:54:56, Cancel, 31,
2017-9-28 2:54:51, Cancel, 34,
2017-9-28 2:54:46, Cancel, 25,
2017-9-28 2:54:41, Cancel, 28,
2017-9-28 2:54:36, Cancel, 30,
2017-9-28 2:54:31, Cancel, 30,
2017-9-28 2:54:26, Cancel, 23,
2017-9-28 2:54:21, Cancel, 23,
2017-9-28 2:54:16, Cancel, 30,
2017-9-28 2:54:11, Cancel, 31,
2017-9-28 2:54:1, Cancel, 31,
2017-9-28 2:53:6, Cancel, 20,
2017-9-28 2:53:56, Cancel, 33,
2017-9-28 2:53:51, Cancel, 38,
2017-9-28 2:53:46, Cancel, 45,
2017-9-28 2:53:41, Cancel, 24,
2017-9-28 2:53:36, Cancel, 27,
2017-9-28 2:53:31, Cancel, 31,
2017-9-28 2:53:26, Cancel, 28,
2017-9-28 2:53:21, Cancel, 31,
2017-9-28 2:53:16, Cancel, 31,
2017-9-28 2:53:11, Cancel, 28,
2017-9-28 2:53:1, Cancel, 32,
2017-9-28 2:52:6, Cancel, 31,
2017-9-28 2:52:56, Cancel, 33,
2017-9-28 2:52:51, Cancel, 28,
2017-9-28 2:52:46, Cancel, 28,
2017-9-28 2:52:41, Cancel, 35,
2017-9-28 2:52:36, Cancel, 37,
2017-9-28 2:52:31, Cancel, 30,
2017-9-28 2:52:26, Cancel, 44,
2017-9-28 2:52:21, Cancel, 39,
2017-9-28 2:52:16, Cancel, 33,
2017-9-28 2:52:11, Cancel, 34,
2017-9-28 2:52:1, Cancel, 22,
2017-9-28 2:51:6, Cancel, 23,
2017-9-28 2:51:56, Cancel, 26,
2017-9-28 2:51:51, Cancel, 27,
2017-9-28 2:51:46, Cancel, 27,
2017-9-28 2:51:41, Cancel, 27,
2017-9-28 2:51:36, Cancel, 41,
2017-9-28 2:51:31, Cancel, 25,
2017-9-28 2:51:26, Cancel, 27,
2017-9-28 2:51:21, Cancel, 25,
2017-9-28 2:51:16, Cancel, 40,
2017-9-28 2:51:11, Cancel, 38,
2017-9-28 2:51:1, Cancel, 29,
2017-9-28 2:50:6, Cancel, 31,
2017-9-28 2:50:56, Cancel, 36,
2017-9-28 2:50:51, Cancel, 42,
2017-9-28 2:50:46, Cancel, 24,
2017-9-28 2:50:41, Cancel, 43,
2017-9-28 2:50:36, Cancel, 32,
2017-9-28 2:50:31, Cancel, 28,
2017-9-28 2:50:26, Cancel, 23,
2017-9-28 2:50:21, Cancel, 33,
2017-9-28 2:50:16, Cancel, 18,
2017-9-28 2:50:11, Cancel, 29,
2017-9-28 2:50:1, Cancel, 33,
2017-9-28 2:49:6, Cancel, 35,
2017-9-28 2:49:56, Cancel, 27,
2017-9-28 2:49:51, Cancel, 29,
2017-9-28 2:49:46, Cancel, 25,
2017-9-28 2:49:41, Cancel, 35,
2017-9-28 2:49:36, Cancel, 29,
2017-9-28 2:49:31, Cancel, 27,
2017-9-28 2:49:26, Cancel, 36,
2017-9-28 2:49:21, Cancel, 31,
2017-9-28 2:49:16, Cancel, 20,
2017-9-28 2:49:11, Cancel, 43,
2017-9-28 2:49:1, Cancel, 25,
2017-9-28 2:48:6, Cancel, 30,
2017-9-28 2:48:56, Cancel, 46,
2017-9-28 2:48:51, Cancel, 37,
2017-9-28 2:48:46, Cancel, 28,
2017-9-28 2:48:41, Cancel, 29,
2017-9-28 2:48:36, Cancel, 38,
2017-9-28 2:48:31, Cancel, 32,
2017-9-28 2:48:26, Cancel, 34,
2017-9-28 2:48:21, Cancel, 24,
2017-9-28 2:48:16, Cancel, 28,
2017-9-28 2:48:11, Cancel, 31,
2017-9-28 2:48:1, Cancel, 21,
2017-9-28 2:47:6, Cancel, 24,
2017-9-28 2:47:56, Cancel, 26,
2017-9-28 2:47:51, Cancel, 29,
2017-9-28 2:47:46, Cancel, 33,
2017-9-28 2:47:41, Cancel, 32,
2017-9-28 2:47:36, Cancel, 37,
2017-9-28 2:47:31, Cancel, 29,
2017-9-28 2:47:26, Cancel, 50,
2017-9-28 2:47:21, Cancel, 33,
2017-9-28 2:47:16, Cancel, 30,
2017-9-28 2:47:11, Cancel, 28,
2017-9-28 2:47:1, Cancel, 31,
2017-9-28 2:46:6, Cancel, 40,
2017-9-28 2:46:56, Cancel, 31,
2017-9-28 2:46:51, Cancel, 33,
2017-9-28 2:46:46, Cancel, 23,
2017-9-28 2:46:41, Cancel, 27,
2017-9-28 2:46:36, Cancel, 38,
2017-9-28 2:46:31, Cancel, 27,
2017-9-28 2:46:26, Cancel, 24,
2017-9-28 2:46:21, Cancel, 35,
2017-9-28 2:46:16, Cancel, 45,
2017-9-28 2:46:11, Cancel, 28,
2017-9-28 2:46:1, Cancel, 34,
2017-9-28 2:45:6, Cancel, 24,
2017-9-28 2:45:56, Cancel, 37,
2017-9-28 2:45:51, Cancel, 36,
2017-9-28 2:45:46, Cancel, 33,
2017-9-28 2:45:41, Cancel, 26,
2017-9-28 2:45:36, Cancel, 23,
2017-9-28 2:45:31, Cancel, 27,
2017-9-28 2:45:26, Cancel, 28,
2017-9-28 2:45:21, Cancel, 26,
2017-9-28 2:45:16, Cancel, 41,
2017-9-28 2:45:11, Cancel, 29,
2017-9-28 2:45:1, Cancel, 26,
2017-9-28 2:44:6, Cancel, 32,
2017-9-28 2:44:56, Cancel, 38,
2017-9-28 2:44:51, Cancel, 38,
2017-9-28 2:44:46, Cancel, 31,
2017-9-28 2:44:41, Cancel, 21,
2017-9-28 2:44:36, Cancel, 34,
2017-9-28 2:44:31, Cancel, 45,
2017-9-28 2:44:26, Cancel, 21,
2017-9-28 2:44:21, Cancel, 49,
2017-9-28 2:44:16, Cancel, 30,
2017-9-28 2:44:11, Cancel, 25,
2017-9-28 2:44:1, Cancel, 26,
2017-9-28 2:43:6, Cancel, 35,
2017-9-28 2:43:56, Cancel, 20,
2017-9-28 2:43:51, Cancel, 29,
2017-9-28 2:43:46, Cancel, 32,
2017-9-28 2:43:41, Cancel, 29,
2017-9-28 2:43:36, Cancel, 34,
2017-9-28 2:43:31, Cancel, 23,
2017-9-28 2:43:26, Cancel, 28,
2017-9-28 2:43:21, Cancel, 32,
2017-9-28 2:43:16, Cancel, 29,
2017-9-28 2:43:11, Cancel, 29,
2017-9-28 2:43:1, Cancel, 28,
2017-9-28 2:42:6, Cancel, 35,
2017-9-28 2:42:56, Cancel, 24,
2017-9-28 2:42:51, Cancel, 45,
2017-9-28 2:42:46, Cancel, 28,
2017-9-28 2:42:41, Cancel, 27,
2017-9-28 2:42:36, Cancel, 44,
2017-9-28 2:42:31, Cancel, 42,
2017-9-28 2:42:26, Cancel, 27,
2017-9-28 2:42:21, Cancel, 29,
2017-9-28 2:42:16, Cancel, 39,
2017-9-28 2:42:11, Cancel, 29,
2017-9-28 2:42:1, Cancel, 23,
2017-9-28 2:41:6, Cancel, 36,
2017-9-28 2:41:56, Cancel, 31,
2017-9-28 2:41:51, Cancel, 28,
2017-9-28 2:41:46, Cancel, 29,
2017-9-28 2:41:41, Cancel, 23,
2017-9-28 2:41:36, Cancel, 23,
2017-9-28 2:41:31, Cancel, 30,
2017-9-28 2:41:26, Cancel, 31,
2017-9-28 2:41:21, Cancel, 35,
2017-9-28 2:41:16, Cancel, 29,
2017-9-28 2:41:11, Cancel, 36,
2017-9-28 2:41:1, Cancel, 47,
2017-9-28 2:40:6, Cancel, 27,
2017-9-28 2:40:56, Cancel, 24,
2017-9-28 2:40:51, Cancel, 27,
2017-9-28 2:40:46, Cancel, 31,
2017-9-28 2:40:41, Cancel, 27,
2017-9-28 2:40:36, Cancel, 34,
2017-9-28 2:40:31, Cancel, 33,
2017-9-28 2:40:26, Cancel, 27,
2017-9-28 2:40:21, Cancel, 18,
2017-9-28 2:40:16, Cancel, 39,
2017-9-28 2:40:11, Cancel, 30,
2017-9-28 2:40:1, Cancel, 30,
2017-9-28 2:39:6, Cancel, 30,
2017-9-28 2:39:56, Cancel, 40,
2017-9-28 2:39:51, Cancel, 33,
2017-9-28 2:39:46, Cancel, 39,
2017-9-28 2:39:41, Cancel, 42,
2017-9-28 2:39:36, Cancel, 33,
2017-9-28 2:39:31, Cancel, 33,
2017-9-28 2:39:26, Cancel, 36,
2017-9-28 2:39:21, Cancel, 33,
2017-9-28 2:39:16, Cancel, 19,
2017-9-28 2:39:11, Cancel, 20,
2017-9-28 2:39:1, Cancel, 29,
2017-9-28 2:38:6, Cancel, 35,
2017-9-28 2:38:56, Cancel, 33,
2017-9-28 2:38:51, Cancel, 33,
2017-9-28 2:38:46, Cancel, 26,
2017-9-28 2:38:41, Cancel, 29,
2017-9-28 2:38:36, Cancel, 27,
2017-9-28 2:38:31, Cancel, 42,
2017-9-28 2:38:26, Cancel, 31,
2017-9-28 2:38:21, Cancel, 25,
2017-9-28 2:38:16, Cancel, 28,
2017-9-28 2:38:11, Cancel, 38,
2017-9-28 2:38:1, Cancel, 38,
2017-9-28 2:37:6, Cancel, 29,
2017-9-28 2:37:56, Cancel, 34,
2017-9-28 2:37:51, Cancel, 32,
2017-9-28 2:37:46, Cancel, 24,
2017-9-28 2:37:41, Cancel, 31,
2017-9-28 2:37:36, Cancel, 27,
2017-9-28 2:37:31, Cancel, 19,
2017-9-28 2:37:26, Cancel, 31,
2017-9-28 2:37:21, Cancel, 32,
2017-9-28 2:37:16, Cancel, 33,
2017-9-28 2:37:11, Cancel, 27,
2017-9-28 2:37:1, Cancel, 24,
2017-9-28 2:36:6, Cancel, 39,
2017-9-28 2:36:56, Cancel, 32,
2017-9-28 2:36:51, Cancel, 28,
2017-9-28 2:36:46, Cancel, 25,
2017-9-28 2:36:41, Cancel, 36,
2017-9-28 2:36:36, Cancel, 31,
2017-9-28 2:36:31, Cancel, 22,
2017-9-28 2:36:26, Cancel, 40,
2017-9-28 2:36:21, Cancel, 36,
2017-9-28 2:36:16, Cancel, 28,
2017-9-28 2:36:11, Cancel, 43,
2017-9-28 2:36:1, Cancel, 26,
2017-9-28 2:35:6, Cancel, 27,
2017-9-28 2:35:56, Cancel, 35,
2017-9-28 2:35:51, Cancel, 39,
2017-9-28 2:35:46, Cancel, 31,
2017-9-28 2:35:41, Cancel, 30,
2017-9-28 2:35:36, Cancel, 22,
2017-9-28 2:35:31, Cancel, 29,
2017-9-28 2:35:26, Cancel, 29,
2017-9-28 2:35:21, Cancel, 29,
2017-9-28 2:35:16, Cancel, 20,
2017-9-28 2:35:11, Cancel, 26,
2017-9-28 2:35:1, Cancel, 35,
2017-9-28 2:34:6, Cancel, 32,
2017-9-28 2:34:56, Cancel, 33,
2017-9-28 2:34:51, Cancel, 37,
2017-9-28 2:34:46, Cancel, 29,
2017-9-28 2:34:41, Cancel, 52,
2017-9-28 2:34:36, Cancel, 31,
2017-9-28 2:34:31, Cancel, 32,
2017-9-28 2:34:26, Cancel, 26,
2017-9-28 2:34:21, Cancel, 26,
2017-9-28 2:34:16, Cancel, 30,
2017-9-28 2:34:11, Cancel, 33,
2017-9-28 2:34:1, Cancel, 25,
2017-9-28 2:33:6, Cancel, 32,
2017-9-28 2:33:56, Cancel, 27,
2017-9-28 2:33:51, Cancel, 35,
2017-9-28 2:33:46, Cancel, 27,
2017-9-28 2:33:41, Cancel, 23,
2017-9-28 2:33:36, Cancel, 41,
2017-9-28 2:33:31, Cancel, 40,
2017-9-28 2:33:26, Cancel, 27,
2017-9-28 2:33:21, Cancel, 45,
2017-9-28 2:33:16, Cancel, 33,
2017-9-28 2:33:11, Cancel, 38,
2017-9-28 2:33:1, Cancel, 32,
2017-9-28 2:32:6, Cancel, 38,
2017-9-28 2:32:56, Cancel, 28,
2017-9-28 2:32:51, Cancel, 24,
2017-9-28 2:32:46, Cancel, 26,
2017-9-28 2:32:41, Cancel, 28,
2017-9-28 2:32:36, Cancel, 26,
2017-9-28 2:32:31, Cancel, 41,
2017-9-28 2:32:26, Cancel, 29,
2017-9-28 2:32:21, Cancel, 23,
2017-9-28 2:32:16, Cancel, 28,
2017-9-28 2:32:11, Cancel, 35,
2017-9-28 2:32:1, Cancel, 31,
2017-9-28 2:31:6, Cancel, 31,
2017-9-28 2:31:56, Cancel, 22,
2017-9-28 2:31:51, Cancel, 36,
2017-9-28 2:31:46, Cancel, 42,
2017-9-28 2:31:41, Cancel, 25,
2017-9-28 2:31:36, Cancel, 47,
2017-9-28 2:31:31, Cancel, 29,
2017-9-28 2:31:26, Cancel, 29,
2017-9-28 2:31:21, Cancel, 28,
2017-9-28 2:31:16, Cancel, 29,
2017-9-28 2:31:11, Cancel, 17,
2017-9-28 2:31:1, Cancel, 30,
2017-9-28 2:30:6, Cancel, 45,
2017-9-28 2:30:56, Cancel, 28,
2017-9-28 2:30:51, Cancel, 33,
2017-9-28 2:30:46, Cancel, 24,
2017-9-28 2:30:41, Cancel, 28,
2017-9-28 2:30:36, Cancel, 32,
2017-9-28 2:30:31, Cancel, 29,
2017-9-28 2:30:26, Cancel, 29,
2017-9-28 2:30:21, Cancel, 35,
2017-9-28 2:30:16, Cancel, 28,
2017-9-28 2:30:11, Cancel, 24,
2017-9-28 2:30:1, Cancel, 28,
2017-9-28 2:29:6, Cancel, 29,
2017-9-28 2:29:56, Cancel, 29,
2017-9-28 2:29:51, Cancel, 42,
2017-9-28 2:29:46, Cancel, 42,
2017-9-28 2:29:41, Cancel, 27,
2017-9-28 2:29:36, Cancel, 29,
2017-9-28 2:29:31, Cancel, 39,
2017-9-28 2:29:26, Cancel, 28,
2017-9-28 2:29:21, Cancel, 35,
2017-9-28 2:29:16, Cancel, 24,
2017-9-28 2:29:11, Cancel, 29,
2017-9-28 2:29:1, Cancel, 30,
2017-9-28 2:28:6, Cancel, 28,
2017-9-28 2:28:56, Cancel, 23,
2017-9-28 2:28:51, Cancel, 22,
2017-9-28 2:28:46, Cancel, 31,
2017-9-28 2:28:41, Cancel, 31,
2017-9-28 2:28:36, Cancel, 36,
2017-9-28 2:28:31, Cancel, 31,
2017-9-28 2:28:26, Cancel, 37,
2017-9-28 2:28:21, Cancel, 34,
2017-9-28 2:28:16, Cancel, 46,
2017-9-28 2:28:11, Cancel, 22,
2017-9-28 2:28:1, Cancel, 30,
2017-9-28 2:27:6, Cancel, 32,
2017-9-28 2:27:56, Cancel, 28,
2017-9-28 2:27:51, Cancel, 34,
2017-9-28 2:27:46, Cancel, 33,
2017-9-28 2:27:41, Cancel, 27,
2017-9-28 2:27:36, Cancel, 18,
2017-9-28 2:27:31, Cancel, 39,
2017-9-28 2:27:26, Cancel, 30,
2017-9-28 2:27:21, Cancel, 27,
2017-9-28 2:27:16, Cancel, 28,
2017-9-28 2:27:11, Cancel, 40,
2017-9-28 2:27:1, Cancel, 38,
2017-9-28 2:26:6, Cancel, 37,
2017-9-28 2:26:56, Cancel, 43,
2017-9-28 2:26:51, Cancel, 32,
2017-9-28 2:26:46, Cancel, 33,
2017-9-28 2:26:41, Cancel, 38,
2017-9-28 2:26:36, Cancel, 30,
2017-9-28 2:26:31, Cancel, 22,
2017-9-28 2:26:26, Cancel, 22,
2017-9-28 2:26:21, Cancel, 29,
2017-9-28 2:26:16, Cancel, 28,
2017-9-28 2:26:11, Cancel, 29,
2017-9-28 2:26:1, Cancel, 28,
2017-9-28 2:25:6, Cancel, 31,
2017-9-28 2:25:56, Cancel, 29,
2017-9-28 2:25:51, Cancel, 27,
2017-9-28 2:25:46, Cancel, 42,
2017-9-28 2:25:41, Cancel, 31,
2017-9-28 2:25:36, Cancel, 25,
2017-9-28 2:25:31, Cancel, 30,
2017-9-28 2:25:26, Cancel, 37,
2017-9-28 2:25:21, Cancel, 34,
2017-9-28 2:25:16, Cancel, 38,
2017-9-28 2:25:11, Cancel, 32,
2017-9-28 2:25:1, Cancel, 27,
2017-9-28 2:24:6, Cancel, 28,
2017-9-28 2:24:56, Cancel, 27,
2017-9-28 2:24:51, Cancel, 30,
2017-9-28 2:24:46, Cancel, 19,
2017-9-28 2:24:41, Cancel, 27,
2017-9-28 2:24:36, Cancel, 33,
2017-9-28 2:24:31, Cancel, 37,
2017-9-28 2:24:26, Cancel, 19,
2017-9-28 2:24:21, Cancel, 34,
2017-9-28 2:24:16, Cancel, 25,
2017-9-28 2:24:11, Cancel, 30,
2017-9-28 2:24:1, Cancel, 29,
2017-9-28 2:23:6, Cancel, 38,
2017-9-28 2:23:56, Cancel, 34,
2017-9-28 2:23:51, Cancel, 33,
2017-9-28 2:23:46, Cancel, 19,
2017-9-28 2:23:41, Cancel, 42,
2017-9-28 2:23:36, Cancel, 36,
2017-9-28 2:23:31, Cancel, 26,
2017-9-28 2:23:26, Cancel, 46,
2017-9-28 2:23:21, Cancel, 38,
2017-9-28 2:23:16, Cancel, 25,
2017-9-28 2:23:11, Cancel, 34,
2017-9-28 2:23:1, Cancel, 29,
2017-9-28 2:22:6, Cancel, 35,
2017-9-28 2:22:56, Cancel, 37,
2017-9-28 2:22:51, Cancel, 23,
2017-9-28 2:22:46, Cancel, 27,
2017-9-28 2:22:41, Cancel, 29,
2017-9-28 2:22:36, Cancel, 29,
2017-9-28 2:22:31, Cancel, 20,
2017-9-28 2:22:26, Cancel, 26,
2017-9-28 2:22:21, Cancel, 28,
2017-9-28 2:22:16, Cancel, 34,
2017-9-28 2:22:11, Cancel, 33,
2017-9-28 2:22:1, Cancel, 31,
2017-9-28 2:21:6, Cancel, 36,
2017-9-28 2:21:56, Cancel, 46,
2017-9-28 2:21:51, Cancel, 36,
2017-9-28 2:21:46, Cancel, 23,
2017-9-28 2:21:41, Cancel, 34,
2017-9-28 2:21:36, Cancel, 22,
2017-9-28 2:21:31, Cancel, 28,
2017-9-28 2:21:26, Cancel, 33,
2017-9-28 2:21:21, Cancel, 34,
2017-9-28 2:21:16, Cancel, 22,
2017-9-28 2:21:11, Cancel, 24,
2017-9-28 2:21:1, Cancel, 30,
2017-9-28 2:20:6, Cancel, 19,
2017-9-28 2:20:56, Cancel, 25,
2017-9-28 2:20:51, Cancel, 32,
2017-9-28 2:20:46, Cancel, 42,
2017-9-28 2:20:41, Cancel, 31,
2017-9-28 2:20:36, Cancel, 40,
2017-9-28 2:20:31, Cancel, 38,
2017-9-28 2:20:26, Cancel, 35,
2017-9-28 2:20:21, Cancel, 30,
2017-9-28 2:20:16, Cancel, 35,
2017-9-28 2:20:11, Cancel, 34,
2017-9-28 2:20:1, Cancel, 19,
2017-9-28 2:19:6, Cancel, 29,
2017-9-28 2:19:56, Cancel, 30,
2017-9-28 2:19:51, Cancel, 29,
2017-9-28 2:19:46, Cancel, 33,
2017-9-28 2:19:41, Cancel, 33,
2017-9-28 2:19:36, Cancel, 27,
2017-9-28 2:19:31, Cancel, 29,
2017-9-28 2:19:26, Cancel, 30,
2017-9-28 2:19:21, Cancel, 38,
2017-9-28 2:19:16, Cancel, 31,
2017-9-28 2:19:11, Cancel, 26,
2017-9-28 2:19:1, Cancel, 39,
2017-9-28 2:18:6, Cancel, 29,
2017-9-28 2:18:56, Cancel, 32,
2017-9-28 2:18:51, Cancel, 32,
2017-9-28 2:18:46, Cancel, 34,
2017-9-28 2:18:41, Cancel, 32,
2017-9-28 2:18:36, Cancel, 27,
2017-9-28 2:18:31, Cancel, 23,
2017-9-28 2:18:26, Cancel, 31,
2017-9-28 2:18:21, Cancel, 15,
2017-9-28 2:18:16, Cancel, 31,
2017-9-28 2:18:11, Cancel, 29,
2017-9-28 2:18:1, Cancel, 24,
2017-9-28 2:17:6, Cancel, 34,
2017-9-28 2:17:56, Cancel, 28,
2017-9-28 2:17:51, Cancel, 30,
2017-9-28 2:17:46, Cancel, 27,
2017-9-28 2:17:41, Cancel, 29,
2017-9-28 2:17:36, Cancel, 32,
2017-9-28 2:17:31, Cancel, 33,
2017-9-28 2:17:26, Cancel, 25,
2017-9-28 2:17:21, Cancel, 34,
2017-9-28 2:17:16, Cancel, 39,
2017-9-28 2:17:11, Cancel, 26,
2017-9-28 2:17:1, Cancel, 38,
2017-9-28 2:16:6, Cancel, 23,
2017-9-28 2:16:56, Cancel, 42,
2017-9-28 2:16:51, Cancel, 32,
2017-9-28 2:16:46, Cancel, 27,
2017-9-28 2:16:41, Cancel, 40,
2017-9-28 2:16:36, Cancel, 29,
2017-9-28 2:16:31, Cancel, 34,
2017-9-28 2:16:26, Cancel, 26,
2017-9-28 2:16:21, Cancel, 26,
2017-9-28 2:16:16, Cancel, 28,
2017-9-28 2:16:11, Cancel, 32,
2017-9-28 2:16:1, Cancel, 22,
2017-9-28 2:15:6, Cancel, 27,
2017-9-28 2:15:56, Cancel, 32,
2017-9-28 2:15:51, Cancel, 31,
2017-9-28 2:15:46, Cancel, 31,
2017-9-28 2:15:41, Cancel, 33,
2017-9-28 2:15:36, Cancel, 35,
2017-9-28 2:15:31, Cancel, 38,
2017-9-28 2:15:26, Cancel, 44,
2017-9-28 2:15:21, Cancel, 24,
2017-9-28 2:15:16, Cancel, 29,
2017-9-28 2:15:11, Cancel, 31,
2017-9-28 2:15:1, Cancel, 29,
2017-9-28 2:14:6, Cancel, 42,
2017-9-28 2:14:56, Cancel, 35,
2017-9-28 2:14:51, Cancel, 29,
2017-9-28 2:14:46, Cancel, 20,
2017-9-28 2:14:41, Cancel, 30,
2017-9-28 2:14:36, Cancel, 34,
2017-9-28 2:14:31, Cancel, 28,
2017-9-28 2:14:26, Cancel, 30,
2017-9-28 2:14:21, Cancel, 34,
2017-9-28 2:14:16, Cancel, 37,
2017-9-28 2:14:11, Cancel, 33,
2017-9-28 2:14:1, Cancel, 40,
2017-9-28 2:13:6, Cancel, 29,
2017-9-28 2:13:56, Cancel, 31,
2017-9-28 2:13:51, Cancel, 34,
2017-9-28 2:13:46, Cancel, 31,
2017-9-28 2:13:41, Cancel, 22,
2017-9-28 2:13:36, Cancel, 27,
2017-9-28 2:13:31, Cancel, 26,
2017-9-28 2:13:26, Cancel, 28,
2017-9-28 2:13:21, Cancel, 28,
2017-9-28 2:13:16, Cancel, 40,
2017-9-28 2:13:11, Cancel, 24,
2017-9-28 2:13:1, Cancel, 25,
2017-9-28 2:12:6, Cancel, 23,
2017-9-28 2:12:56, Cancel, 39,
2017-9-28 2:12:51, Cancel, 39,
2017-9-28 2:12:46, Cancel, 22,
2017-9-28 2:12:41, Cancel, 31,
2017-9-28 2:12:36, Cancel, 35,
2017-9-28 2:12:31, Cancel, 40,
2017-9-28 2:12:26, Cancel, 24,
2017-9-28 2:12:21, Cancel, 42,
2017-9-28 2:12:16, Cancel, 33,
2017-9-28 2:12:11, Cancel, 29,
2017-9-28 2:12:1, Cancel, 33,
2017-9-28 2:11:6, Cancel, 35,
2017-9-28 2:11:56, Cancel, 17,
2017-9-28 2:11:51, Cancel, 29,
2017-9-28 2:11:46, Cancel, 32,
2017-9-28 2:11:41, Cancel, 32,
2017-9-28 2:11:36, Cancel, 27,
2017-9-28 2:11:31, Cancel, 29,
2017-9-28 2:11:26, Cancel, 26,
2017-9-28 2:11:21, Cancel, 34,
2017-9-28 2:11:16, Cancel, 27,
2017-9-28 2:11:11, Cancel, 28,
2017-9-28 2:11:1, Cancel, 28,
2017-9-28 2:10:6, Cancel, 36,
2017-9-28 2:10:56, Cancel, 23,
2017-9-28 2:10:51, Cancel, 45,
2017-9-28 2:10:46, Cancel, 31,
2017-9-28 2:10:41, Cancel, 27,
2017-9-28 2:10:36, Cancel, 44,
2017-9-28 2:10:31, Cancel, 38,
2017-9-28 2:10:26, Cancel, 28,
2017-9-28 2:10:21, Cancel, 30,
2017-9-28 2:10:16, Cancel, 37,
2017-9-28 2:10:11, Cancel, 27,
2017-9-28 2:10:1, Cancel, 26,
2017-9-28 1:9:6, Cancel, 26,
2017-9-28 1:9:56, Cancel, 33,
2017-9-28 1:9:51, Cancel, 32,
2017-9-28 1:9:46, Cancel, 23,
2017-9-28 1:9:41, Cancel, 24,
2017-9-28 1:9:36, Cancel, 27,
2017-9-28 1:9:31, Cancel, 27,
2017-9-28 1:9:26, Cancel, 29,
2017-9-28 1:9:21, Cancel, 40,
2017-9-28 1:9:16, Cancel, 24,
2017-9-28 1:9:11, Cancel, 28,
2017-9-28 1:9:1, Cancel, 38,
2017-9-28 1:8:6, Cancel, 33,
2017-9-28 1:8:56, Cancel, 38,
2017-9-28 1:8:51, Cancel, 24,
2017-9-28 1:8:46, Cancel, 30,
2017-9-28 1:8:41, Cancel, 35,
2017-9-28 1:8:36, Cancel, 41,
2017-9-28 1:8:31, Cancel, 26,
2017-9-28 1:8:26, Cancel, 42,
2017-9-28 1:8:21, Cancel, 31,
2017-9-28 1:8:16, Cancel, 29,
2017-9-28 1:8:11, Cancel, 23,
2017-9-28 1:8:1, Cancel, 17,
2017-9-28 1:7:6, Cancel, 31,
2017-9-28 1:7:56, Cancel, 29,
2017-9-28 1:7:51, Cancel, 32,
2017-9-28 1:7:46, Cancel, 34,
2017-9-28 1:7:41, Cancel, 26,
2017-9-28 1:7:36, Cancel, 33,
2017-9-28 1:7:31, Cancel, 25,
2017-9-28 1:7:26, Cancel, 32,
2017-9-28 1:7:21, Cancel, 28,
2017-9-28 1:7:16, Cancel, 28,
2017-9-28 1:7:11, Cancel, 36,
2017-9-28 1:7:1, Cancel, 20,
2017-9-28 1:6:6, Cancel, 23,
2017-9-28 1:6:56, Cancel, 41,
2017-9-28 1:6:51, Cancel, 37,
2017-9-28 1:6:46, Cancel, 25,
2017-9-28 1:6:41, Cancel, 46,
2017-9-28 1:6:36, Cancel, 37,
2017-9-28 1:6:31, Cancel, 26,
2017-9-28 1:6:26, Cancel, 33,
2017-9-28 1:6:21, Cancel, 39,
2017-9-28 1:6:16, Cancel, 29,
2017-9-28 1:6:11, Cancel, 37,
2017-9-28 1:6:1, Cancel, 29,
2017-9-28 1:5:6, Cancel, 33,
2017-9-28 1:5:56, Cancel, 29,
2017-9-28 1:5:51, Cancel, 29,
2017-9-28 1:5:46, Cancel, 19,
2017-9-28 1:5:41, Cancel, 28,
2017-9-28 1:5:36, Cancel, 30,
2017-9-28 1:5:31, Cancel, 37,
2017-9-28 1:5:26, Cancel, 30,
2017-9-28 1:5:21, Cancel, 36,
2017-9-28 1:5:16, Cancel, 32,
2017-9-28 1:5:11, Cancel, 46,
2017-9-28 1:5:1, Cancel, 31,
2017-9-28 1:50:1, Cancel, 29,
2017-9-28 1:4:6, Cancel, 39,
2017-9-28 1:4:56, Cancel, 28,
2017-9-28 1:4:51, Cancel, 26,
2017-9-28 1:4:46, Cancel, 26,
2017-9-28 1:4:41, Cancel, 35,
2017-9-28 1:4:36, Cancel, 34,
2017-9-28 1:4:31, Cancel, 21,
2017-9-28 1:4:26, Cancel, 28,
2017-9-28 1:4:21, Cancel, 36,
2017-9-28 1:4:16, Cancel, 26,
2017-9-28 1:4:11, Cancel, 25,
2017-9-28 1:4:1, Cancel, 39,
2017-9-28 1:49:6, Cancel, 38,
2017-9-28 1:49:56, Cancel, 36,
2017-9-28 1:49:51, Cancel, 30,
2017-9-28 1:49:46, Cancel, 36,
2017-9-28 1:49:41, Cancel, 29,
2017-9-28 1:49:36, Cancel, 53,
2017-9-28 1:49:31, Cancel, 31,
2017-9-28 1:49:26, Cancel, 31,
2017-9-28 1:49:21, Cancel, 28,
2017-9-28 1:49:16, Cancel, 26,
2017-9-28 1:49:11, Cancel, 28,
2017-9-28 1:49:1, Cancel, 33,
2017-9-28 1:48:6, Cancel, 31,
2017-9-28 1:48:56, Cancel, 21,
2017-9-28 1:48:51, Cancel, 27,
2017-9-28 1:48:46, Cancel, 35,
2017-9-28 1:48:41, Cancel, 27,
2017-9-28 1:48:36, Cancel, 25,
2017-9-28 1:48:31, Cancel, 41,
2017-9-28 1:48:26, Cancel, 40,
2017-9-28 1:48:21, Cancel, 27,
2017-9-28 1:48:16, Cancel, 47,
2017-9-28 1:48:11, Cancel, 40,
2017-9-28 1:48:1, Cancel, 36,
2017-9-28 1:47:6, Cancel, 39,
2017-9-28 1:47:56, Cancel, 32,
2017-9-28 1:47:51, Cancel, 22,
2017-9-28 1:47:46, Cancel, 27,
2017-9-28 1:47:41, Cancel, 26,
2017-9-28 1:47:36, Cancel, 29,
2017-9-28 1:47:31, Cancel, 27,
2017-9-28 1:47:26, Cancel, 40,
2017-9-28 1:47:21, Cancel, 25,
2017-9-28 1:47:16, Cancel, 28,
2017-9-28 1:47:11, Cancel, 26,
2017-9-28 1:47:1, Cancel, 38,
2017-9-28 1:46:6, Cancel, 18,
2017-9-28 1:46:56, Cancel, 22,
2017-9-28 1:46:51, Cancel, 31,
2017-9-28 1:46:46, Cancel, 37,
2017-9-28 1:46:41, Cancel, 38,
2017-9-28 1:46:36, Cancel, 26,
2017-9-28 1:46:31, Cancel, 41,
2017-9-28 1:46:26, Cancel, 32,
2017-9-28 1:46:21, Cancel, 29,
2017-9-28 1:46:16, Cancel, 22,
2017-9-28 1:46:11, Cancel, 33,
2017-9-28 1:46:1, Cancel, 29,
2017-9-28 1:45:6, Cancel, 21,
2017-9-28 1:45:56, Cancel, 31,
2017-9-28 1:45:51, Cancel, 33,
2017-9-28 1:45:46, Cancel, 27,
2017-9-28 1:45:41, Cancel, 29,
2017-9-28 1:45:36, Cancel, 28,
2017-9-28 1:45:31, Cancel, 32,
2017-9-28 1:45:26, Cancel, 29,
2017-9-28 1:45:21, Cancel, 27,
2017-9-28 1:45:16, Cancel, 36,
2017-9-28 1:45:11, Cancel, 30,
2017-9-28 1:45:1, Cancel, 43,
2017-9-28 1:44:6, Cancel, 31,
2017-9-28 1:44:56, Cancel, 35,
2017-9-28 1:44:51, Cancel, 27,
2017-9-28 1:44:46, Cancel, 45,
2017-9-28 1:44:41, Cancel, 38,
2017-9-28 1:44:36, Cancel, 26,
2017-9-28 1:44:31, Cancel, 34,
2017-9-28 1:44:26, Cancel, 38,
2017-9-28 1:44:21, Cancel, 31,
2017-9-28 1:44:16, Cancel, 34,
2017-9-28 1:44:11, Cancel, 21,
2017-9-28 1:44:1, Cancel, 28,
2017-9-28 1:43:6, Cancel, 30,
2017-9-28 1:43:56, Cancel, 29,
2017-9-28 1:43:51, Cancel, 20,
2017-9-28 1:43:46, Cancel, 27,
2017-9-28 1:43:41, Cancel, 29,
2017-9-28 1:43:36, Cancel, 35,
2017-9-28 1:43:31, Cancel, 31,
2017-9-28 1:43:26, Cancel, 36,
2017-9-28 1:43:21, Cancel, 29,
2017-9-28 1:43:16, Cancel, 51,
2017-9-28 1:43:11, Cancel, 32,
2017-9-28 1:43:1, Cancel, 28,
2017-9-28 1:42:6, Cancel, 45,
2017-9-28 1:42:56, Cancel, 24,
2017-9-28 1:42:51, Cancel, 31,
2017-9-28 1:42:46, Cancel, 31,
2017-9-28 1:42:41, Cancel, 33,
2017-9-28 1:42:36, Cancel, 24,
2017-9-28 1:42:31, Cancel, 26,
2017-9-28 1:42:26, Cancel, 38,
2017-9-28 1:42:21, Cancel, 25,
2017-9-28 1:42:16, Cancel, 26,
2017-9-28 1:42:11, Cancel, 33,
2017-9-28 1:42:1, Cancel, 30,
2017-9-28 1:41:6, Cancel, 41,
2017-9-28 1:41:56, Cancel, 40,
2017-9-28 1:41:51, Cancel, 35,
2017-9-28 1:41:46, Cancel, 40,
2017-9-28 1:41:41, Cancel, 34,
2017-9-28 1:41:36, Cancel, 31,
2017-9-28 1:41:31, Cancel, 29,
2017-9-28 1:41:26, Cancel, 23,
2017-9-28 1:41:21, Cancel, 26,
2017-9-28 1:41:16, Cancel, 28,
2017-9-28 1:41:11, Cancel, 26,
2017-9-28 1:41:1, Cancel, 29,
2017-9-28 1:40:6, Cancel, 30,
2017-9-28 1:40:56, Cancel, 23,
2017-9-28 1:40:51, Cancel, 28,
2017-9-28 1:40:46, Cancel, 35,
2017-9-28 1:40:41, Cancel, 38,
2017-9-28 1:40:36, Cancel, 31,
2017-9-28 1:40:31, Cancel, 25,
2017-9-28 1:40:26, Cancel, 38,
2017-9-28 1:40:21, Cancel, 41,
2017-9-28 1:40:16, Cancel, 22,
2017-9-28 1:40:11, Cancel, 46,
2017-9-28 1:40:1, Cancel, 32,
2017-9-28 1:3:6, Cancel, 26,
2017-9-28 1:3:56, Cancel, 28,
2017-9-28 1:3:51, Cancel, 43,
2017-9-28 1:3:46, Cancel, 34,
2017-9-28 1:3:41, Cancel, 38,
2017-9-28 1:3:36, Cancel, 33,
2017-9-28 1:3:31, Cancel, 33,
2017-9-28 1:3:26, Cancel, 27,
2017-9-28 1:3:21, Cancel, 23,
2017-9-28 1:3:16, Cancel, 28,
2017-9-28 1:3:11, Cancel, 29,
2017-9-28 1:3:1, Cancel, 41,
2017-9-28 1:39:6, Cancel, 27,
2017-9-28 1:39:56, Cancel, 24,
2017-9-28 1:39:51, Cancel, 31,
2017-9-28 1:39:46, Cancel, 17,
2017-9-28 1:39:41, Cancel, 31,
2017-9-28 1:39:36, Cancel, 30,
2017-9-28 1:39:31, Cancel, 29,
2017-9-28 1:39:26, Cancel, 32,
2017-9-28 1:39:21, Cancel, 28,
2017-9-28 1:39:16, Cancel, 25,
2017-9-28 1:39:11, Cancel, 37,
2017-9-28 1:39:1, Cancel, 28,
2017-9-28 1:38:6, Cancel, 38,
2017-9-28 1:38:56, Cancel, 37,
2017-9-28 1:38:51, Cancel, 28,
2017-9-28 1:38:46, Cancel, 22,
2017-9-28 1:38:41, Cancel, 44,
2017-9-28 1:38:36, Cancel, 35,
2017-9-28 1:38:31, Cancel, 27,
2017-9-28 1:38:26, Cancel, 45,
2017-9-28 1:38:21, Cancel, 38,
2017-9-28 1:38:16, Cancel, 26,
2017-9-28 1:38:11, Cancel, 34,
2017-9-28 1:38:1, Cancel, 31,
2017-9-28 1:37:6, Cancel, 38,
2017-9-28 1:37:56, Cancel, 35,
2017-9-28 1:37:51, Cancel, 24,
2017-9-28 1:37:46, Cancel, 29,
2017-9-28 1:37:41, Cancel, 31,
2017-9-28 1:37:36, Cancel, 27,
2017-9-28 1:37:31, Cancel, 19,
2017-9-28 1:37:26, Cancel, 30,
2017-9-28 1:37:21, Cancel, 32,
2017-9-28 1:37:16, Cancel, 36,
2017-9-28 1:37:11, Cancel, 30,
2017-9-28 1:37:1, Cancel, 29,
2017-9-28 1:36:6, Cancel, 33,
2017-9-28 1:36:56, Cancel, 48,
2017-9-28 1:36:51, Cancel, 29,
2017-9-28 1:36:46, Cancel, 32,
2017-9-28 1:36:41, Cancel, 27,
2017-9-28 1:36:36, Cancel, 27,
2017-9-28 1:36:31, Cancel, 30,
2017-9-28 1:36:26, Cancel, 35,
2017-9-28 1:36:21, Cancel, 32,
2017-9-28 1:36:16, Cancel, 21,
2017-9-28 1:36:11, Cancel, 29,
2017-9-28 1:36:1, Cancel, 27,
2017-9-28 1:35:6, Cancel, 23,
2017-9-28 1:35:56, Cancel, 27,
2017-9-28 1:35:51, Cancel, 40,
2017-9-28 1:35:46, Cancel, 39,
2017-9-28 1:35:41, Cancel, 29,
2017-9-28 1:35:36, Cancel, 46,
2017-9-28 1:35:31, Cancel, 40,
2017-9-28 1:35:26, Cancel, 32,
2017-9-28 1:35:21, Cancel, 33,
2017-9-28 1:35:16, Cancel, 35,
2017-9-28 1:35:11, Cancel, 23,
2017-9-28 1:35:1, Cancel, 29,
2017-9-28 1:34:6, Cancel, 39,
2017-9-28 1:34:56, Cancel, 29,
2017-9-28 1:34:51, Cancel, 29,
2017-9-28 1:34:46, Cancel, 37,
2017-9-28 1:34:41, Cancel, 28,
2017-9-28 1:34:36, Cancel, 29,
2017-9-28 1:34:31, Cancel, 28,
2017-9-28 1:34:26, Cancel, 38,
2017-9-28 1:34:21, Cancel, 33,
2017-9-28 1:34:16, Cancel, 24,
2017-9-28 1:34:11, Cancel, 30,
2017-9-28 1:34:1, Cancel, 34,
2017-9-28 1:33:6, Cancel, 31,
2017-9-28 1:33:56, Cancel, 38,
2017-9-28 1:33:51, Cancel, 35,
2017-9-28 1:33:46, Cancel, 31,
2017-9-28 1:33:41, Cancel, 26,
2017-9-28 1:33:36, Cancel, 30,
2017-9-28 1:33:31, Cancel, 27,
2017-9-28 1:33:26, Cancel, 19,
2017-9-28 1:33:21, Cancel, 31,
2017-9-28 1:33:16, Cancel, 32,
2017-9-28 1:33:11, Cancel, 32,
2017-9-28 1:33:1, Cancel, 27,
2017-9-28 1:32:6, Cancel, 35,
2017-9-28 1:32:56, Cancel, 25,
2017-9-28 1:32:51, Cancel, 30,
2017-9-28 1:32:46, Cancel, 32,
2017-9-28 1:32:41, Cancel, 36,
2017-9-28 1:32:36, Cancel, 27,
2017-9-28 1:32:31, Cancel, 32,
2017-9-28 1:32:26, Cancel, 28,
2017-9-28 1:32:21, Cancel, 31,
2017-9-28 1:32:16, Cancel, 37,
2017-9-28 1:32:11, Cancel, 36,
2017-9-28 1:32:1, Cancel, 35,
2017-9-28 1:31:6, Cancel, 32,
2017-9-28 1:31:56, Cancel, 28,
2017-9-28 1:31:51, Cancel, 36,
2017-9-28 1:31:46, Cancel, 35,
2017-9-28 1:31:41, Cancel, 35,
2017-9-28 1:31:36, Cancel, 30,
2017-9-28 1:31:31, Cancel, 26,
2017-9-28 1:31:26, Cancel, 27,
2017-9-28 1:31:21, Cancel, 33,
2017-9-28 1:31:16, Cancel, 24,
2017-9-28 1:31:11, Cancel, 19,
2017-9-28 1:31:1, Cancel, 30,
2017-9-28 1:30:6, Cancel, 34,
2017-9-28 1:30:56, Cancel, 33,
2017-9-28 1:30:51, Cancel, 35,
2017-9-28 1:30:46, Cancel, 34,
2017-9-28 1:30:41, Cancel, 34,
2017-9-28 1:30:36, Cancel, 47,
2017-9-28 1:30:31, Cancel, 25,
2017-9-28 1:30:26, Cancel, 32,
2017-9-28 1:30:21, Cancel, 29,
2017-9-28 1:30:16, Cancel, 31,
2017-9-28 1:30:11, Cancel, 28,
2017-9-28 1:30:1, Cancel, 31,
2017-9-28 1:2:6, Cancel, 41,
2017-9-28 1:2:56, Cancel, 28,
2017-9-28 1:2:51, Cancel, 26,
2017-9-28 1:2:46, Cancel, 26,
2017-9-28 1:2:41, Cancel, 39,
2017-9-28 1:2:36, Cancel, 34,
2017-9-28 1:2:31, Cancel, 29,
2017-9-28 1:2:26, Cancel, 26,
2017-9-28 1:2:21, Cancel, 38,
2017-9-28 1:2:16, Cancel, 42,
2017-9-28 1:2:11, Cancel, 24,
2017-9-28 1:2:1, Cancel, 29,
2017-9-28 1:29:6, Cancel, 31,
2017-9-28 1:29:56, Cancel, 19,
2017-9-28 1:29:51, Cancel, 31,
2017-9-28 1:29:46, Cancel, 34,
2017-9-28 1:29:41, Cancel, 26,
2017-9-28 1:29:36, Cancel, 33,
2017-9-28 1:29:31, Cancel, 34,
2017-9-28 1:29:26, Cancel, 37,
2017-9-28 1:29:21, Cancel, 34,
2017-9-28 1:29:16, Cancel, 45,
2017-9-28 1:29:11, Cancel, 36,
2017-9-28 1:29:1, Cancel, 35,
2017-9-28 1:28:6, Cancel, 36,
2017-9-28 1:28:56, Cancel, 33,
2017-9-28 1:28:51, Cancel, 21,
2017-9-28 1:28:46, Cancel, 24,
2017-9-28 1:28:41, Cancel, 30,
2017-9-28 1:28:36, Cancel, 28,
2017-9-28 1:28:31, Cancel, 26,
2017-9-28 1:28:26, Cancel, 39,
2017-9-28 1:28:21, Cancel, 28,
2017-9-28 1:28:16, Cancel, 30,
2017-9-28 1:28:11, Cancel, 24,
2017-9-28 1:28:1, Cancel, 37,
2017-9-28 1:27:6, Cancel, 17,
2017-9-28 1:27:56, Cancel, 23,
2017-9-28 1:27:51, Cancel, 30,
2017-9-28 1:27:46, Cancel, 37,
2017-9-28 1:27:41, Cancel, 38,
2017-9-28 1:27:36, Cancel, 26,
2017-9-28 1:27:31, Cancel, 41,
2017-9-28 1:27:26, Cancel, 33,
2017-9-28 1:27:21, Cancel, 28,
2017-9-28 1:27:16, Cancel, 23,
2017-9-28 1:27:11, Cancel, 32,
2017-9-28 1:27:1, Cancel, 30,
2017-9-28 1:26:6, Cancel, 23,
2017-9-28 1:26:56, Cancel, 30,
2017-9-28 1:26:51, Cancel, 29,
2017-9-28 1:26:46, Cancel, 31,
2017-9-28 1:26:41, Cancel, 28,
2017-9-28 1:26:36, Cancel, 25,
2017-9-28 1:26:31, Cancel, 33,
2017-9-28 1:26:26, Cancel, 31,
2017-9-28 1:26:21, Cancel, 24,
2017-9-28 1:26:16, Cancel, 37,
2017-9-28 1:26:11, Cancel, 28,
2017-9-28 1:26:1, Cancel, 47,
2017-9-28 1:25:6, Cancel, 30,
2017-9-28 1:25:56, Cancel, 28,
2017-9-28 1:25:51, Cancel, 27,
2017-9-28 1:25:46, Cancel, 44,
2017-9-28 1:25:41, Cancel, 38,
2017-9-28 1:25:36, Cancel, 30,
2017-9-28 1:25:31, Cancel, 26,
2017-9-28 1:25:26, Cancel, 41,
2017-9-28 1:25:21, Cancel, 28,
2017-9-28 1:25:16, Cancel, 36,
2017-9-28 1:25:11, Cancel, 22,
2017-9-28 1:25:1, Cancel, 30,
2017-9-28 1:24:6, Cancel, 25,
2017-9-28 1:24:56, Cancel, 30,
2017-9-28 1:24:51, Cancel, 24,
2017-9-28 1:24:46, Cancel, 22,
2017-9-28 1:24:41, Cancel, 30,
2017-9-28 1:24:36, Cancel, 31,
2017-9-28 1:24:31, Cancel, 34,
2017-9-28 1:24:26, Cancel, 32,
2017-9-28 1:24:21, Cancel, 37,
2017-9-28 1:24:16, Cancel, 35,
2017-9-28 1:24:11, Cancel, 43,
2017-9-28 1:24:1, Cancel, 25,
2017-9-28 1:23:6, Cancel, 40,
2017-9-28 1:23:56, Cancel, 31,
2017-9-28 1:23:51, Cancel, 28,
2017-9-28 1:23:46, Cancel, 33,
2017-9-28 1:23:41, Cancel, 32,
2017-9-28 1:23:36, Cancel, 27,
2017-9-28 1:23:31, Cancel, 19,
2017-9-28 1:23:26, Cancel, 39,
2017-9-28 1:23:21, Cancel, 31,
2017-9-28 1:23:16, Cancel, 27,
2017-9-28 1:23:11, Cancel, 29,
2017-9-28 1:23:1, Cancel, 33,
2017-9-28 1:22:6, Cancel, 35,
2017-9-28 1:22:56, Cancel, 39,
2017-9-28 1:22:51, Cancel, 42,
2017-9-28 1:22:46, Cancel, 31,
2017-9-28 1:22:41, Cancel, 33,
2017-9-28 1:22:36, Cancel, 38,
2017-9-28 1:22:31, Cancel, 33,
2017-9-28 1:22:26, Cancel, 19,
2017-9-28 1:22:21, Cancel, 21,
2017-9-28 1:22:16, Cancel, 34,
2017-9-28 1:22:11, Cancel, 25,
2017-9-28 1:22:1, Cancel, 31,
2017-9-28 1:21:6, Cancel, 30,
2017-9-28 1:21:56, Cancel, 30,
2017-9-28 1:21:51, Cancel, 26,
2017-9-28 1:21:46, Cancel, 31,
2017-9-28 1:21:41, Cancel, 39,
2017-9-28 1:21:36, Cancel, 31,
2017-9-28 1:21:31, Cancel, 29,
2017-9-28 1:21:26, Cancel, 31,
2017-9-28 1:21:21, Cancel, 39,
2017-9-28 1:21:16, Cancel, 30,
2017-9-28 1:21:11, Cancel, 44,
2017-9-28 1:21:1, Cancel, 30,
2017-9-28 1:20:6, Cancel, 28,
2017-9-28 1:20:56, Cancel, 32,
2017-9-28 1:20:51, Cancel, 27,
2017-9-28 1:20:46, Cancel, 22,
2017-9-28 1:20:41, Cancel, 25,
2017-9-28 1:20:36, Cancel, 33,
2017-9-28 1:20:31, Cancel, 32,
2017-9-28 1:20:26, Cancel, 29,
2017-9-28 1:20:21, Cancel, 26,
2017-9-28 1:20:16, Cancel, 30,
2017-9-28 1:20:11, Cancel, 32,
2017-9-28 1:20:1, Cancel, 29,
2017-9-28 1:1:6, Cancel, 33,
2017-9-28 1:1:56, Cancel, 30,
2017-9-28 1:1:51, Cancel, 27,
2017-9-28 1:1:46, Cancel, 31,
2017-9-28 1:1:41, Cancel, 16,
2017-9-28 1:1:36, Cancel, 32,
2017-9-28 1:1:31, Cancel, 29,
2017-9-28 1:1:26, Cancel, 27,
2017-9-28 1:1:21, Cancel, 35,
2017-9-28 1:1:16, Cancel, 25,
2017-9-28 1:1:11, Cancel, 27,
2017-9-28 1:1:1, Cancel, 29,
2017-9-28 1:19:6, Cancel, 40,
2017-9-28 1:19:56, Cancel, 37,
2017-9-28 1:19:51, Cancel, 23,
2017-9-28 1:19:46, Cancel, 30,
2017-9-28 1:19:41, Cancel, 41,
2017-9-28 1:19:36, Cancel, 27,
2017-9-28 1:19:31, Cancel, 31,
2017-9-28 1:19:26, Cancel, 41,
2017-9-28 1:19:21, Cancel, 41,
2017-9-28 1:19:16, Cancel, 32,
2017-9-28 1:19:11, Cancel, 28,
2017-9-28 1:19:1, Cancel, 28,
2017-9-28 1:18:6, Cancel, 33,
2017-9-28 1:18:56, Cancel, 36,
2017-9-28 1:18:51, Cancel, 23,
2017-9-28 1:18:46, Cancel, 31,
2017-9-28 1:18:41, Cancel, 30,
2017-9-28 1:18:36, Cancel, 31,
2017-9-28 1:18:31, Cancel, 23,
2017-9-28 1:18:26, Cancel, 22,
2017-9-28 1:18:21, Cancel, 30,
2017-9-28 1:18:16, Cancel, 32,
2017-9-28 1:18:11, Cancel, 35,
2017-9-28 1:18:1, Cancel, 36,
2017-9-28 1:17:6, Cancel, 38,
2017-9-28 1:17:56, Cancel, 44,
2017-9-28 1:17:51, Cancel, 38,
2017-9-28 1:17:46, Cancel, 24,
2017-9-28 1:17:41, Cancel, 29,
2017-9-28 1:17:36, Cancel, 28,
2017-9-28 1:17:31, Cancel, 28,
2017-9-28 1:17:26, Cancel, 34,
2017-9-28 1:17:21, Cancel, 33,
2017-9-28 1:17:16, Cancel, 27,
2017-9-28 1:17:11, Cancel, 23,
2017-9-28 1:17:1, Cancel, 24,
2017-9-28 1:16:6, Cancel, 23,
2017-9-28 1:16:56, Cancel, 28,
2017-9-28 1:16:51, Cancel, 32,
2017-9-28 1:16:46, Cancel, 42,
2017-9-28 1:16:41, Cancel, 33,
2017-9-28 1:16:36, Cancel, 42,
2017-9-28 1:16:31, Cancel, 34,
2017-9-28 1:16:26, Cancel, 35,
2017-9-28 1:16:21, Cancel, 36,
2017-9-28 1:16:16, Cancel, 34,
2017-9-28 1:16:11, Cancel, 28,
2017-9-28 1:16:1, Cancel, 28,
2017-9-28 1:15:6, Cancel, 32,
2017-9-28 1:15:56, Cancel, 28,
2017-9-28 1:15:51, Cancel, 25,
2017-9-28 1:15:46, Cancel, 39,
2017-9-28 1:15:41, Cancel, 29,
2017-9-28 1:15:36, Cancel, 26,
2017-9-28 1:15:31, Cancel, 26,
2017-9-28 1:15:26, Cancel, 37,
2017-9-28 1:15:21, Cancel, 40,
2017-9-28 1:15:16, Cancel, 25,
2017-9-28 1:15:11, Cancel, 27,
2017-9-28 1:15:1, Cancel, 38,
2017-9-28 1:14:6, Cancel, 28,
2017-9-28 1:14:56, Cancel, 26,
2017-9-28 1:14:51, Cancel, 44,
2017-9-28 1:14:46, Cancel, 29,
2017-9-28 1:14:41, Cancel, 29,
2017-9-28 1:14:36, Cancel, 32,
2017-9-28 1:14:31, Cancel, 28,
2017-9-28 1:14:26, Cancel, 22,
2017-9-28 1:14:21, Cancel, 23,
2017-9-28 1:14:16, Cancel, 34,
2017-9-28 1:14:11, Cancel, 31,
2017-9-28 1:14:1, Cancel, 28,
2017-9-28 1:13:6, Cancel, 36,
2017-9-28 1:13:56, Cancel, 30,
2017-9-28 1:13:51, Cancel, 29,
2017-9-28 1:13:46, Cancel, 28,
2017-9-28 1:13:41, Cancel, 31,
2017-9-28 1:13:36, Cancel, 33,
2017-9-28 1:13:31, Cancel, 25,
2017-9-28 1:13:26, Cancel, 34,
2017-9-28 1:13:21, Cancel, 39,
2017-9-28 1:13:16, Cancel, 26,
2017-9-28 1:13:11, Cancel, 34,
2017-9-28 1:13:1, Cancel, 41,
2017-9-28 1:12:6, Cancel, 21,
2017-9-28 1:12:56, Cancel, 34,
2017-9-28 1:12:51, Cancel, 28,
2017-9-28 1:12:46, Cancel, 40,
2017-9-28 1:12:41, Cancel, 27,
2017-9-28 1:12:36, Cancel, 36,
2017-9-28 1:12:31, Cancel, 26,
2017-9-28 1:12:26, Cancel, 26,
2017-9-28 1:12:21, Cancel, 30,
2017-9-28 1:12:16, Cancel, 31,
2017-9-28 1:12:11, Cancel, 22,
2017-9-28 1:12:1, Cancel, 32,
2017-9-28 1:11:6, Cancel, 28,
2017-9-28 1:11:56, Cancel, 31,
2017-9-28 1:11:51, Cancel, 30,
2017-9-28 1:11:46, Cancel, 35,
2017-9-28 1:11:41, Cancel, 35,
2017-9-28 1:11:36, Cancel, 38,
2017-9-28 1:11:31, Cancel, 43,
2017-9-28 1:11:26, Cancel, 23,
2017-9-28 1:11:21, Cancel, 31,
2017-9-28 1:11:16, Cancel, 30,
2017-9-28 1:11:11, Cancel, 28,
2017-9-28 1:11:1, Cancel, 34,
2017-9-28 1:10:6, Cancel, 36,
2017-9-28 1:10:56, Cancel, 31,
2017-9-28 1:10:51, Cancel, 19,
2017-9-28 1:10:46, Cancel, 31,
2017-9-28 1:10:41, Cancel, 32,
2017-9-28 1:10:36, Cancel, 28,
2017-9-28 1:10:31, Cancel, 31,
2017-9-28 1:10:26, Cancel, 36,
2017-9-28 1:10:21, Cancel, 37,
2017-9-28 1:10:16, Cancel, 34,
2017-9-28 1:10:11, Cancel, 45,
2017-9-28 1:10:1, Cancel, 31,
2017-9-28 1:0:6, Cancel, 27,
2017-9-28 1:0:56, Cancel, 27,
2017-9-28 1:0:51, Cancel, 37,
2017-9-28 1:0:46, Cancel, 28,
2017-9-28 1:0:41, Cancel, 23,
2017-9-28 1:0:36, Cancel, 47,
2017-9-28 1:0:31, Cancel, 25,
2017-9-28 1:0:26, Cancel, 30,
2017-9-28 1:0:21, Cancel, 44,
2017-9-28 1:0:16, Cancel, 40,
2017-9-28 1:0:11, Cancel, 29,
2017-9-28 1:0:1, Cancel, 40,
2017-9-28 0:59:6, Cancel, 34,
2017-9-28 0:59:56, Cancel, 27,
2017-9-28 0:59:51, Cancel, 36,
2017-9-28 0:59:46, Cancel, 24,
2017-9-28 0:59:41, Cancel, 28,
2017-9-28 0:59:36, Cancel, 34,
2017-9-28 0:59:31, Cancel, 29,
2017-9-28 0:59:26, Cancel, 21,
2017-9-28 0:59:21, Cancel, 25,
2017-9-28 0:59:16, Cancel, 29,
2017-9-28 0:59:11, Cancel, 34,
2017-9-28 0:59:1, Cancel, 32,
2017-9-28 0:58:6, Cancel, 24,
2017-9-28 0:58:56, Cancel, 34,
2017-9-28 0:58:51, Cancel, 44,
2017-9-28 0:58:46, Cancel, 37,
2017-9-28 0:58:41, Cancel, 25,
2017-9-28 0:58:36, Cancel, 29,
2017-9-28 0:58:31, Cancel, 28,
2017-9-28 0:58:26, Cancel, 27,
2017-9-28 0:58:21, Cancel, 33,
2017-9-28 0:58:16, Cancel, 33,
2017-9-28 0:58:11, Cancel, 24,
2017-9-28 0:58:1, Cancel, 36,
2017-9-28 0:57:6, Cancel, 32,
2017-9-28 0:57:56, Cancel, 30,
2017-9-28 0:57:51, Cancel, 25,
2017-9-28 0:57:46, Cancel, 31,
2017-9-28 0:57:41, Cancel, 42,
2017-9-28 0:57:36, Cancel, 33,
2017-9-28 0:57:31, Cancel, 42,
2017-9-28 0:57:26, Cancel, 36,
2017-9-28 0:57:21, Cancel, 35,
2017-9-28 0:57:16, Cancel, 36,
2017-9-28 0:57:11, Cancel, 32,
2017-9-28 0:57:1, Cancel, 21,
2017-9-28 0:56:6, Cancel, 28,
2017-9-28 0:56:56, Cancel, 26,
2017-9-28 0:56:51, Cancel, 25,
2017-9-28 0:56:46, Cancel, 28,
2017-9-28 0:56:41, Cancel, 37,
2017-9-28 0:56:36, Cancel, 28,
2017-9-28 0:56:31, Cancel, 31,
2017-9-28 0:56:26, Cancel, 26,
2017-9-28 0:56:21, Cancel, 33,
2017-9-28 0:56:16, Cancel, 39,
2017-9-28 0:56:11, Cancel, 30,
2017-9-28 0:56:1, Cancel, 33,
2017-9-28 0:55:6, Cancel, 32,
2017-9-28 0:55:56, Cancel, 41,
2017-9-28 0:55:51, Cancel, 24,
2017-9-28 0:55:46, Cancel, 49,
2017-9-28 0:55:41, Cancel, 31,
2017-9-28 0:55:36, Cancel, 23,
2017-9-28 0:55:31, Cancel, 31,
2017-9-28 0:55:26, Cancel, 29,
2017-9-28 0:55:21, Cancel, 21,
2017-9-28 0:55:16, Cancel, 26,
2017-9-28 0:55:11, Cancel, 31,
2017-9-28 0:55:1, Cancel, 28,
2017-9-28 0:54:6, Cancel, 39,
2017-9-28 0:54:56, Cancel, 26,
2017-9-28 0:54:51, Cancel, 30,
2017-9-28 0:54:46, Cancel, 27,
2017-9-28 0:54:41, Cancel, 28,
2017-9-28 0:54:36, Cancel, 31,
2017-9-28 0:54:31, Cancel, 34,
2017-9-28 0:54:26, Cancel, 25,
2017-9-28 0:54:21, Cancel, 33,
2017-9-28 0:54:16, Cancel, 27,
2017-9-28 0:54:11, Cancel, 31,
2017-9-28 0:54:1, Cancel, 36,
2017-9-28 0:53:6, Cancel, 25,
2017-9-28 0:53:56, Cancel, 40,
2017-9-28 0:53:51, Cancel, 33,
2017-9-28 0:53:46, Cancel, 27,
2017-9-28 0:53:41, Cancel, 33,
2017-9-28 0:53:36, Cancel, 37,
2017-9-28 0:53:31, Cancel, 34,
2017-9-28 0:53:26, Cancel, 29,
2017-9-28 0:53:21, Cancel, 26,
2017-9-28 0:53:16, Cancel, 26,
2017-9-28 0:53:11, Cancel, 32,
2017-9-28 0:53:1, Cancel, 17,
2017-9-28 0:52:6, Cancel, 24,
2017-9-28 0:52:56, Cancel, 28,
2017-9-28 0:52:51, Cancel, 30,
2017-9-28 0:52:46, Cancel, 36,
2017-9-28 0:52:41, Cancel, 28,
2017-9-28 0:52:36, Cancel, 38,
2017-9-28 0:52:31, Cancel, 30,
2017-9-28 0:52:26, Cancel, 46,
2017-9-28 0:52:21, Cancel, 31,
2017-9-28 0:52:16, Cancel, 31,
2017-9-28 0:52:11, Cancel, 26,
2017-9-28 0:52:1, Cancel, 30,
2017-9-28 0:51:6, Cancel, 42,
2017-9-28 0:51:56, Cancel, 29,
2017-9-28 0:51:51, Cancel, 34,
2017-9-28 0:51:46, Cancel, 25,
2017-9-28 0:51:41, Cancel, 23,
2017-9-28 0:51:36, Cancel, 39,
2017-9-28 0:51:31, Cancel, 27,
2017-9-28 0:51:26, Cancel, 25,
2017-9-28 0:51:21, Cancel, 32,
2017-9-28 0:51:16, Cancel, 42,
2017-9-28 0:51:11, Cancel, 32,
2017-9-28 0:51:1, Cancel, 34,
2017-9-28 0:50:6, Cancel, 30,
2017-9-28 0:50:56, Cancel, 35,
2017-9-28 0:50:51, Cancel, 36,
2017-9-28 0:50:46, Cancel, 34,
2017-9-28 0:50:41, Cancel, 28,
2017-9-28 0:50:36, Cancel, 22,
2017-9-28 0:50:31, Cancel, 28,
2017-9-28 0:50:26, Cancel, 23,
2017-9-28 0:50:21, Cancel, 28,
2017-9-28 0:50:16, Cancel, 37,
2017-9-28 0:50:11, Cancel, 28,
2017-9-28 0:50:1, Cancel, 26,
2017-9-28 0:49:6, Cancel, 30,
2017-9-28 0:49:56, Cancel, 32,
2017-9-28 0:49:51, Cancel, 37,
2017-9-28 0:49:46, Cancel, 29,
2017-9-28 0:49:41, Cancel, 29,
2017-9-28 0:49:36, Cancel, 30,
2017-9-28 0:49:31, Cancel, 36,
2017-9-28 0:49:26, Cancel, 32,
2017-9-28 0:49:21, Cancel, 38,
2017-9-28 0:49:16, Cancel, 35,
2017-9-28 0:49:11, Cancel, 29,
2017-9-28 0:49:1, Cancel, 27,
2017-9-28 0:48:6, Cancel, 29,
2017-9-28 0:48:56, Cancel, 24,
2017-9-28 0:48:51, Cancel, 21,
2017-9-28 0:48:46, Cancel, 28,
2017-9-28 0:48:41, Cancel, 31,
2017-9-28 0:48:36, Cancel, 33,
2017-9-28 0:48:31, Cancel, 28,
2017-9-28 0:48:26, Cancel, 28,
2017-9-28 0:48:21, Cancel, 24,
2017-9-28 0:48:16, Cancel, 32,
2017-9-28 0:48:11, Cancel, 28,
2017-9-28 0:48:1, Cancel, 33,
2017-9-28 0:47:6, Cancel, 31,
2017-9-28 0:47:56, Cancel, 31,
2017-9-28 0:47:51, Cancel, 20,
2017-9-28 0:47:46, Cancel, 40,
2017-9-28 0:47:41, Cancel, 37,
2017-9-28 0:47:36, Cancel, 28,
2017-9-28 0:47:31, Cancel, 43,
2017-9-28 0:47:26, Cancel, 38,
2017-9-28 0:47:21, Cancel, 25,
2017-9-28 0:47:16, Cancel, 34,
2017-9-28 0:47:11, Cancel, 38,
2017-9-28 0:47:1, Cancel, 35,
2017-9-28 0:46:6, Cancel, 35,
2017-9-28 0:46:56, Cancel, 23,
2017-9-28 0:46:51, Cancel, 28,
2017-9-28 0:46:46, Cancel, 28,
2017-9-28 0:46:41, Cancel, 29,
2017-9-28 0:46:36, Cancel, 20,
2017-9-28 0:46:31, Cancel, 25,
2017-9-28 0:46:26, Cancel, 28,
2017-9-28 0:46:21, Cancel, 33,
2017-9-28 0:46:16, Cancel, 33,
2017-9-28 0:46:11, Cancel, 31,
2017-9-28 0:46:1, Cancel, 38,
2017-9-28 0:45:6, Cancel, 30,
2017-9-28 0:45:56, Cancel, 41,
2017-9-28 0:45:51, Cancel, 24,
2017-9-28 0:45:46, Cancel, 27,
2017-9-28 0:45:41, Cancel, 32,
2017-9-28 0:45:36, Cancel, 23,
2017-9-28 0:45:31, Cancel, 38,
2017-9-28 0:45:26, Cancel, 29,
2017-9-28 0:45:21, Cancel, 26,
2017-9-28 0:45:16, Cancel, 18,
2017-9-28 0:45:11, Cancel, 39,
2017-9-28 0:45:1, Cancel, 25,
2017-9-28 0:44:6, Cancel, 25,
2017-9-28 0:44:56, Cancel, 29,
2017-9-28 0:44:51, Cancel, 37,
2017-9-28 0:44:46, Cancel, 34,
2017-9-28 0:44:41, Cancel, 35,
2017-9-28 0:44:36, Cancel, 46,
2017-9-28 0:44:31, Cancel, 33,
2017-9-28 0:44:26, Cancel, 31,
2017-9-28 0:44:21, Cancel, 33,
2017-9-28 0:44:16, Cancel, 32,
2017-9-28 0:44:11, Cancel, 23,
2017-9-28 0:44:1, Cancel, 26,
2017-9-28 0:43:6, Cancel, 37,
2017-9-28 0:43:56, Cancel, 28,
2017-9-28 0:43:51, Cancel, 28,
2017-9-28 0:43:46, Cancel, 40,
2017-9-28 0:43:41, Cancel, 24,
2017-9-28 0:43:36, Cancel, 25,
2017-9-28 0:43:31, Cancel, 26,
2017-9-28 0:43:26, Cancel, 39,
2017-9-28 0:43:21, Cancel, 34,
2017-9-28 0:43:16, Cancel, 28,
2017-9-28 0:43:11, Cancel, 26,
2017-9-28 0:43:1, Cancel, 40,
2017-9-28 0:42:6, Cancel, 33,
2017-9-28 0:42:56, Cancel, 22,
2017-9-28 0:42:51, Cancel, 47,
2017-9-28 0:42:46, Cancel, 29,
2017-9-28 0:42:41, Cancel, 30,
2017-9-28 0:42:36, Cancel, 27,
2017-9-28 0:42:31, Cancel, 29,
2017-9-28 0:42:26, Cancel, 17,
2017-9-28 0:42:21, Cancel, 26,
2017-9-28 0:42:16, Cancel, 31,
2017-9-28 0:42:11, Cancel, 30,
2017-9-28 0:42:1, Cancel, 23,
2017-9-28 0:41:6, Cancel, 38,
2017-9-28 0:41:56, Cancel, 30,
2017-9-28 0:41:51, Cancel, 31,
2017-9-28 0:41:46, Cancel, 25,
2017-9-28 0:41:41, Cancel, 31,
2017-9-28 0:41:36, Cancel, 36,
2017-9-28 0:41:31, Cancel, 22,
2017-9-28 0:41:26, Cancel, 33,
2017-9-28 0:41:21, Cancel, 39,
2017-9-28 0:41:16, Cancel, 27,
2017-9-28 0:41:11, Cancel, 33,
2017-9-28 0:41:1, Cancel, 41,
2017-9-28 0:40:6, Cancel, 17,
2017-9-28 0:40:56, Cancel, 32,
2017-9-28 0:40:51, Cancel, 27,
2017-9-28 0:40:46, Cancel, 35,
2017-9-28 0:40:41, Cancel, 30,
2017-9-28 0:40:36, Cancel, 33,
2017-9-28 0:40:31, Cancel, 28,
2017-9-28 0:40:26, Cancel, 25,
2017-9-28 0:40:21, Cancel, 27,
2017-9-28 0:40:16, Cancel, 32,
2017-9-28 0:40:11, Cancel, 25,
2017-9-28 0:40:1, Cancel, 27,
2017-9-28 0:39:6, Cancel, 28,
2017-9-28 0:39:56, Cancel, 27,
2017-9-28 0:39:51, Cancel, 37,
2017-9-28 0:39:46, Cancel, 27,
2017-9-28 0:39:41, Cancel, 35,
2017-9-28 0:39:36, Cancel, 30,
2017-9-28 0:39:31, Cancel, 47,
2017-9-28 0:39:26, Cancel, 36,
2017-9-28 0:39:21, Cancel, 22,
2017-9-28 0:39:16, Cancel, 29,
2017-9-28 0:39:11, Cancel, 28,
2017-9-28 0:39:1, Cancel, 33,
2017-9-28 0:38:6, Cancel, 42,
2017-9-28 0:38:56, Cancel, 34,
2017-9-28 0:38:51, Cancel, 22,
2017-9-28 0:38:46, Cancel, 24,
2017-9-28 0:38:41, Cancel, 36,
2017-9-28 0:38:36, Cancel, 29,
2017-9-28 0:38:31, Cancel, 26,
2017-9-28 0:38:26, Cancel, 30,
2017-9-28 0:38:21, Cancel, 41,
2017-9-28 0:38:16, Cancel, 32,
2017-9-28 0:38:11, Cancel, 36,
2017-9-28 0:38:1, Cancel, 31,
2017-9-28 0:37:6, Cancel, 29,
2017-9-28 0:37:56, Cancel, 33,
2017-9-28 0:37:51, Cancel, 36,
2017-9-28 0:37:46, Cancel, 32,
2017-9-28 0:37:41, Cancel, 20,
2017-9-28 0:37:36, Cancel, 22,
2017-9-28 0:37:31, Cancel, 28,
2017-9-28 0:37:26, Cancel, 29,
2017-9-28 0:37:21, Cancel, 27,
2017-9-28 0:37:16, Cancel, 37,
2017-9-28 0:37:11, Cancel, 27,
2017-9-28 0:37:1, Cancel, 23,
2017-9-28 0:36:6, Cancel, 31,
2017-9-28 0:36:56, Cancel, 38,
2017-9-28 0:36:51, Cancel, 38,
2017-9-28 0:36:46, Cancel, 21,
2017-9-28 0:36:41, Cancel, 31,
2017-9-28 0:36:36, Cancel, 32,
2017-9-28 0:36:31, Cancel, 38,
2017-9-28 0:36:26, Cancel, 21,
2017-9-28 0:36:21, Cancel, 47,
2017-9-28 0:36:16, Cancel, 30,
2017-9-28 0:36:11, Cancel, 24,
2017-9-28 0:36:1, Cancel, 26,
2017-9-28 0:35:6, Cancel, 35,
2017-9-28 0:35:56, Cancel, 21,
2017-9-28 0:35:51, Cancel, 24,
2017-9-28 0:35:46, Cancel, 32,
2017-9-28 0:35:41, Cancel, 31,
2017-9-28 0:35:36, Cancel, 28,
2017-9-28 0:35:31, Cancel, 27,
2017-9-28 0:35:26, Cancel, 26,
2017-9-28 0:35:21, Cancel, 25,
2017-9-28 0:35:16, Cancel, 30,
2017-9-28 0:35:11, Cancel, 32,
2017-9-28 0:35:1, Cancel, 25,
2017-9-28 0:34:6, Cancel, 28,
2017-9-28 0:34:56, Cancel, 30,
2017-9-28 0:34:51, Cancel, 20,
2017-9-28 0:34:46, Cancel, 39,
2017-9-28 0:34:41, Cancel, 36,
2017-9-28 0:34:36, Cancel, 24,
2017-9-28 0:34:31, Cancel, 44,
2017-9-28 0:34:26, Cancel, 35,
2017-9-28 0:34:21, Cancel, 27,
2017-9-28 0:34:16, Cancel, 26,
2017-9-28 0:34:11, Cancel, 38,
2017-9-28 0:34:1, Cancel, 32,
2017-9-28 0:33:6, Cancel, 37,
2017-9-28 0:33:56, Cancel, 26,
2017-9-28 0:33:51, Cancel, 26,
2017-9-28 0:33:46, Cancel, 27,
2017-9-28 0:33:41, Cancel, 30,
2017-9-28 0:33:36, Cancel, 23,
2017-9-28 0:33:31, Cancel, 19,
2017-9-28 0:33:26, Cancel, 32,
2017-9-28 0:33:21, Cancel, 29,
2017-9-28 0:33:16, Cancel, 33,
2017-9-28 0:33:11, Cancel, 28,
2017-9-28 0:33:1, Cancel, 27,
2017-9-28 0:32:56, Cancel, 48,
2017-9-28 0:32:51, Cancel, 30,
2017-9-28 0:32:47, Cancel, 32,
2017-9-28 0:32:41, Cancel, 26,
2017-9-28 0:32:36, Cancel, 23,
2017-9-28 0:32:32, Cancel, 24,
2017-9-28 0:32:28, Cancel, 33,
2017-9-28 0:32:24, Cancel, 28,
2017-9-28 0:32:22, Cancel, 24,
2017-9-28 0:32:19, Cancel, 21,
